[{"assetType":"Policy","assetObject":{"name":"Policy For API testAPI[1.0]","id":"36ef92f4-8a11-49e2-b91c-ed3dd44e4555","status":"Success","explanation":"OK","warning":false}},{"assetType":"API","assetObject":{"name":"testAPI[1.0]","id":"17190bbd-ad79-4b15-a488-b8f46da99a77","status":"Success","explanation":"OK","warning":false}},{"assetType":"PolicyAction","assetObject":{"name":"Policy Action [Enable HTTP / HTTPS] -> Policy For API testAPI[1.0]","id":"d450e686-28e6-4f41-864b-0fba81387231","status":"Success","explanation":"OK","warning":false}},{"assetType":"RegisteredApplication","assetObject":{"name":"RegisteredApplication [ EmptyRegisteredApplication ]","id":"EmptyRegisteredApplication","status":"Success","explanation":"OK","warning":false}},{"assetType":"PolicyAction","assetObject":{"name":"Policy Action [Straight Through Routing] -> Policy For API testAPI[1.0]","id":"cd8f0fd5-480e-42bf-bdc1-4aa9589fb145","status":"Success","explanation":"OK","warning":false}}]